uid_number,Name,Node type,articleStudyCoords,articleDOI,processEcosystemOrigin,processEcosystemTarget,processWikidataID,processCURIE,taxonCommonName,taxonAttribute,taxonWikidataID,taxonCURIE,variableWikidataID,variableCURIE
101,Restored native prairie supports abundant and species-rich native bee communities on conventional farms,Article,"42.794, -80.4593",10.1111/rec.12987,,,,,,,,,,
102,Seeding process,Process,,10.1111/rec.12987,Annual croplands,Annual croplands,,ENVO:00000117,,,,,,
103,Floral abundance,Environmental variable,,10.1111/rec.12987,,,,,,,,,,
104,Nesting resources,Environmental variable,,10.1111/rec.12987,,,,,,,,,,
105,Species richness,Environmental variable,,10.1111/rec.12987,,,,,,,,,,
106,Augochlorella aurata,Taxon,,10.1111/rec.12987,,,,,Golden green sweat bee,Abundance,Q1985579,NCBITaxon:586896,,
107,Augochloropsis metallica,Taxon,,10.1111/rec.12987,,,,,Metallic epauletted-sweat bee,Abundance,Q2677178,NCBITaxon:115079,,
108,Augochlora pura,Taxon,,10.1111/rec.12987,,,,,Pure Green Sweat Bee,Abundance,Q5517118,NCBITaxon:115077,,
109,Agapostemon sericieus,Taxon,,10.1111/rec.12987,,,,,Silky striped sweat bee,Abundance,Q2034051,NCBITaxon:88595,,
110,Agapostemon texanus,Taxon,,10.1111/rec.12987,,,,,Metallic green sweat bee,Abundance,Q2747101,NCBITaxon:1889476,,
111,Agapostemon virescens,Taxon,,10.1111/rec.12987,,,,,Bicolored striped sweat bee,Abundance,Q3002253,NCBITaxon:115084,,
112,Apis mellifera,Taxon,,10.1111/rec.12987,,,,,Honeybee,Abundance,Q30034,NCBITaxon:7460,,
113,Andrena cardina,Taxon,,10.1111/rec.12987,,,,,,Abundance,,,,
114,Andrena commoda,Taxon,,10.1111/rec.12987,,,,,Advantaged miner bee,Abundance,Q2278504,NCBITaxon:1431437,,
115,Andrena distans,Taxon,,10.1111/rec.12987,,,,,Distant miner bee,Abundance,Q2536078,NCBITaxon:446235,,
116,Andrena dunningi,Taxon,,10.1111/rec.12987,,,,,Dunning's miner bee,Abundance,Q2176883,NCBITaxon:337472,,
117,Andrena eriginae,Taxon,,10.1111/rec.12987,,,,,Spring beauty miner bee,Abundance,Q2164934,NCBITaxon:205214,,
118,Andrena nasonii,Taxon,,10.1111/rec.12987,,,,,Bumped miner bee,Abundance,Q2205365,NCBITaxon:205203,,
119,Andrena nivalis,Taxon,,10.1111/rec.12987,,,,,Snow miner bee,Abundance,Q2191838,NCBITaxon:205185,,
120,Andrena placata,Taxon,,10.1111/rec.12987,,,,,Peaceful miner bee,Abundance,Q2378369,NCBITaxon:205247,,
121,Andrena platyparia,Taxon,,10.1111/rec.12987,,,,,Plated miner bee,Abundance,Q1909927,NCBITaxon:2283864,,
122,Andrena robertsonii,Taxon,,10.1111/rec.12987,,,,,Robertson's miner bee,Abundance,Q2747748,NCBITaxon:586965,,
123,Andrena splendons,Taxon,,10.1111/rec.12987,,,,,,Abundance,Q2747748),,,
124,Andrena sp.,Taxon,,10.1111/rec.12987,,,,,Miner bee,Abundance,Q517165,NCBITaxon:205261,,
125,Anthidiellum notatum notatum,Taxon,,10.1111/rec.12987,,,,,Northern rotund resin bee,Abundance,Q963090,NCBITaxon:156279,,
126,Bombus bimaculatus,Taxon,,10.1111/rec.12987,,,,,Two-spotted bumble bee,Abundance,Q2389840,NCBITaxon:309944,,
127,Bombus citrinus,Taxon,,10.1111/rec.12987,,,,,Lemon cuckoo bumblebee,Abundance,Q2233080,NCBITaxon:239130,,
128,Bombus impatiens,Taxon,,10.1111/rec.12987,,,,,Common eastern bumblebee,Abundance,Q2367709,NCBITaxon:132113,,
129,Bombus grisecollis,Taxon,,10.1111/rec.12987,,,,,brown-belted bumblebee,Abundance,Q2163571,NCBITaxon:207634,,
130,Bombus rufocinctus,Taxon,,10.1111/rec.12987,,,,,Red-belted bumblebee,Abundance,Q2088072,NCBITaxon:207647,,
131,Bombus sandersonii,Taxon,,10.1111/rec.12987,,,,,Sanderson bumblebee,Abundance,Q1974809,NCBITaxon:421272,,
132,Bombus variabilis,Taxon,,10.1111/rec.12987,,,,,Variable Cuckoo Bumble Bee,Abundance,Q2511750,NCBITaxon:28654,,
133,Calliopsis sp.,Taxon,,10.1111/rec.12987,,,,,Miner bee,Abundance,Q14491786,NCBITaxon:156286,,
134,Ceratina calcarata,Taxon,,10.1111/rec.12987,,,,,Spurred ceratina,Abundance,Q2520020,NCBITaxon:156304,,
135,Ceratina dupla,Taxon,,10.1111/rec.12987,,,,,Doubled ceratina,Abundance,Q3044319,NCBITaxon:236026,,
136,Ceratina floridana,Taxon,,10.1111/rec.12987,,,,,Small carpenter bees,Abundance,Q1938968,NCBITaxon:1161895,,
137,Ceratina mikmaqi,Taxon,,10.1111/rec.12987,,,,,,Abundance,,,,
138,Ceratina octoplenta,Taxon,,10.1111/rec.12987,,,,,,Abundance,,,,
139,Ceratina strenua,Taxon,,10.1111/rec.12987,,,,,Nimble ceratina,Abundance,Q1969680,NCBITaxon:710039,,
140,Ceratina sp.,Taxon,,10.1111/rec.12987,,,,,Small carpenter bees,Abundance,Q1938968,NCBITaxon:78173,,
141,Colletes compactus,Taxon,,10.1111/rec.12987,,,,,Compact plasterer bee,Abundance,Q2000080,NCBITaxon:395732,,
142,Colletes inaequalis,Taxon,,10.1111/rec.12987,,,,,Common eastern plasterer bee,Abundance,Q3062683,NCBITaxon:253571,,
143,Colletes validus,Taxon,,10.1111/rec.12987,,,,,Blueberry cellophane bee,Abundance,Q2102631,,,
144,Dieunomia nevadensis,Taxon,,10.1111/rec.12987,,,,,Nevada nomia,Abundance,Q10755450,NCBITaxon:156315,,
145,Halictus confusus,Taxon,,10.1111/rec.12987,,,,,Southern bronze furrow bee ,Abundance,Q2073854,,,
146,Halictus ligatus,Taxon,,10.1111/rec.12987,,,,,Ligated furrow bee,Abundance,Q10764944,NCBITaxon:77576,,
147,Hoplitis pilosifrons,Taxon,,10.1111/rec.12987,,,,,White-faced summer mason bee,Abundance,Q52537046,NCBITaxon:156336,,
148,Hoplitis annulatus,Taxon,,10.1111/rec.12987,,,,,,Abundance,,NCBITaxon:549064,,
149,Halictus parallelus,Taxon,,10.1111/rec.12987,,,,,Parallel-striped Sweat Bee,Abundance,Q2547370,NCBITaxon:115106,,
150,Hoplitis rubicundus,Taxon,,10.1111/rec.12987,,,,,Orange-legged furrow bee,Abundance,Q611128,,,
151,Hoplitis truncata,Taxon,,10.1111/rec.12987,,,,,Truncate Small-Mason Bee,Abundance,Q2686758,NCBITaxon:1149102,,
152,Lasioglossum acuminatum,Taxon,,10.1111/rec.12987,,,,,Pointed sweat bee,Abundance,Q2713259,NCBITaxon:586979,,
153,Lasioglossum albipenne,Taxon,,10.1111/rec.12987,,,,,White-winged sweat bee,Abundance,Q2313548,NCBITaxon:1038993,,
154,Lasioglossum anomalum,Taxon,,10.1111/rec.12987,,,,,Anomalous sweat bee,Abundance,Q2409309,,,
155,Lasioglossum ascheri,Taxon,,10.1111/rec.12987,,,,,Ascher's sweat bee,Abundance,Q21277026,,,
156,Lasioglossum bruneri,Taxon,,10.1111/rec.12987,,,,,Bruner's sweat bee,Abundance,Q1947366,NCBITaxon:1039180,,
157,Lasioglossum cintipes,Taxon,,10.1111/rec.12987,,,,,Band-footed sweat bee,Abundance,Q2038144,NCBITaxon:88505,,
158,Lasioglossum coriaceum,Taxon,,10.1111/rec.12987,,,,,Leathery sweat bee,Abundance,Q2845129,NCBITaxon:88526,,
159,Lasioglossum cressonii,Taxon,,10.1111/rec.12987,,,,,Cresson's sweat bee,Abundance,Q1980123,NCBITaxon:88489,,
160,Lasioglossum disparile,Taxon,,10.1111/rec.12987,,,,,Metallic sweat bee,Abundance,Q2784386,NCBITaxon:1039387,,
161,Lasioglossum divergens,Taxon,,10.1111/rec.12987,,,,,Sweat bee,Abundance,Q2460241,NCBITaxon:586980,,
162,Lasioglossum floridanum,Taxon,,10.1111/rec.12987,,,,,Florida metallic sweat bee,Abundance,Q54984454,,,
163,Lasioglossum foveolatum,Taxon,,10.1111/rec.12987,,,,,Foveolate sweat bee,Abundance,Q2452402,NCBITaxon:1039496,,
164,Lasioglossum furunculum,Taxon,,10.1111/rec.12987,,,,,Sweat bee,Abundance,Q21277074,,,
165,Lasioglossum fuscipenne,Taxon,,10.1111/rec.12987,,,,,Sweat bee,Abundance,Q21277074,,,
166,Lasioglossum gotham,Taxon,,10.1111/rec.12987,,,,,Gotham bee,Abundance,Q16753155,NCBITaxon:1830422,,
167,Lasioglossum hitchensii,Taxon,,10.1111/rec.12987,,,,,Hitchens's sweat bee,Abundance,Q21277092,,,
168,Lasioglossum leucocomum,Taxon,,10.1111/rec.12987,,,,,White-haired golden sweat bee,Abundance,Q21277119,NCBITaxon:1040591,,
169,Lasioglossum leucozonium,Taxon,,10.1111/rec.12987,,,,,White-zoned furrow bee,Abundance,Q2601088,NCBITaxon:88532,,
170,Lasioglossum lineatulum,Taxon,,10.1111/rec.12987,,,,,Lineolated sweat bee,Abundance,Q3083114,NCBITaxon:1039749,,
171,Lasioglossum lustrans,Taxon,,10.1111/rec.12987,,,,,Carolina desert chicory sweat bee,Abundance,Q1900480,NCBITaxon:88524,,
172,Lasioglossum macoupinense,Taxon,,10.1111/rec.12987,,,,,Macoupin County sweat bee,Abundance,Q1967389,NCBITaxon:1039776,,
173,Lasioglossum oceanicum,Taxon,,10.1111/rec.12987,,,,,Ocean grove sweat bee,Abundance,Q21277131,NCBITaxon:1040586,,
174,Lasioglossum oenotherae,Taxon,,10.1111/rec.12987,,,,,Evening primrose sweat bee,Abundance,Q2967911,NCBITaxon:88542,,
175,Lasioglossum paraforbesii,Taxon,,10.1111/rec.12987,,,,,Bald-spot sweat bee,Abundance,Q5373917,,,
176,Lasioglossum pentinatum,Taxon,,10.1111/rec.12987,,,,,Ground cherry sweat bee,Abundance,Q1941190,NCBITaxon:1040024,,
177,Lasioglossum pectorale,Taxon,,10.1111/rec.12987,,,,,Rugose-chested Sweat Bee,Abundance,Q5925901,NCBITaxon:88517,,
178,Lasioglossum perpunctatum,Taxon,,10.1111/rec.12987,,,,,Densely punctured sweat bee,Abundance,Q2393362,NCBITaxon:1040055,,
179,Lasioglossum pilosum,Taxon,,10.1111/rec.12987,,,,,Hairy sweat bee,Abundance,Q3305548,NCBITaxon:88495,,
180,Lasioglossum rufitarse,Taxon,,10.1111/rec.12987,,,,,Rufous-footed furrow bee,Abundance,Q2111180,NCBITaxon:1040194,,
181,Lasioglossum sopinci,Taxon,,10.1111/rec.12987,,,,,Sweat bee,Abundance,Q2289767,NCBITaxon:1040317,,
182,Lasioglossum vierecki,Taxon,,10.1111/rec.12987,,,,,Viereck's sweat bee,Abundance,Q2295583,NCBITaxon:88499,,
183,Lasioglossum viridatum,Taxon,,10.1111/rec.12987,,,,,Eastern green sweat bee,Abundance,Q1877304,NCBITaxon:1035998,,
184,Lasioglossum zonulum,Taxon,,10.1111/rec.12987,,,,,Bull-headed furrow bee,Abundance,Q4043692,NCBITaxon:88538,,
185,Lasioglossum sp.,Taxon,,10.1111/rec.12987,,,,,Sweat bee,Abundance,Q1939370,NCBITaxon:88472,,
186,Megachile bimaculatus,Taxon,,10.1111/rec.12987,,,,,,Abundance,,,,
187,Megachile campanulae,Taxon,,10.1111/rec.12987,,,,,Bellflower resin bee,Abundance,Q941457,NCBITaxon:1895128,,
188,Megachile latimanus,Taxon,,10.1111/rec.12987,,,,,Broad-handed leafcutter bee,Abundance,Q2704568,NCBITaxon:586910,,
189,Megachile mendica,Taxon,,10.1111/rec.12987,,,,,Beggar leafcutter bee,Abundance,Q2479624,NCBITaxon:1452482,,
190,Megachile denticulata,Taxon,,10.1111/rec.12987,,,,,Leafcutter bee,Abundance,Q261844,NCBITaxon:132116,,
191,Megachile dentriventris,Taxon,,10.1111/rec.12987,,,,,Spiny-legged leafcutter bee,Abundance,Q261844,NCBITaxon:132116,,
192,Megachile desponsa,Taxon,,10.1111/rec.12987,,,,,Leafcutter bee,Abundance,Q261844,NCBITaxon:132116,,
193,Melissodes druriella,Taxon,,10.1111/rec.12987,,,,,Drury's long-horned bee,Abundance,Q2429139,NCBITaxon:586913,,
194,Melissodes subillata,Taxon,,10.1111/rec.12987,,,,,Long-horned bee,Abundance,Q2293431,,,
195,Melissodes texana,Taxon,,10.1111/rec.12987,,,,,Texas long-horned bee,Abundance,,,,
196,Melissodes trinodes,Taxon,,10.1111/rec.12987,,,,,Dark-veined longhorn bee,Abundance,Q2804954,NCBITaxon:599369,,
197,Nomada articulata,Taxon,,10.1111/rec.12987,,,,,Articulated cuckoo nomad bee,Abundance,Q5351623,NCBITaxon:586915,,
198,Nomada cressonii,Taxon,,10.1111/rec.12987,,,,,Cresson's cuckoo nomad bee,Abundance,Q2082500,NCBITaxon:586919,,
199,Nomada denticulata,Taxon,,10.1111/rec.12987,,,,,Denticulate cuckoo nomad bee,Abundance,Q2671316,NCBITaxon:601473,,
200,Nomada lepida,Taxon,,10.1111/rec.12987,,,,,Charming cuckoo nomad bee,Abundance,Q2151501,NCBITaxon:586926,,
201,Nomada pygmaea,Taxon,,10.1111/rec.12987,,,,,Pygmy cuckoo nomad bee,Abundance,Q632214,NCBITaxon:586928,,
202,Nomada sayi,Taxon,,10.1111/rec.12987,,,,,Say's cuckoo nomad bee,Abundance,Q2029875,NCBITaxon:586929,,
203,Nomada sp. i,Taxon,,10.1111/rec.12987,,,,,Cuckoo bee,Abundance,Q1714895,NCBITaxon:95295,,
204,Osmia atriventris,Taxon,,10.1111/rec.12987,,,,,Maine blueberry bee,Abundance,Q2463422,NCBITaxon:586932,,
205,Osmia caerulescens,Taxon,,10.1111/rec.12987,,,,,Blue mason bee,Abundance,Q2388784,NCBITaxon:586934,,
206,Osmia distincta,Taxon,,10.1111/rec.12987,,,,,Distinct mason bee,Abundance,Q10803332,NCBITaxon:1404026,,
207,Osmia georgica,Taxon,,10.1111/rec.12987,,,,,Georgia mason bee,Abundance,Q3091416,NCBITaxon:1404047,,
208,Osmia pumila,Taxon,,10.1111/rec.12987,,,,,Dwarf mason bee,Abundance,Q2114693,NCBITaxon:1404169,,
209,Osmia sp.,Taxon,,10.1111/rec.12987,,,,,Mason bee,Abundance,Q975164,NCBITaxon:124287,,
210,Peponapis pruinosa,Taxon,,10.1111/rec.12987,,,,,Pruinose squash bee,Abundance,Q2323788,,,
211,Perdita sp.,Taxon,,10.1111/rec.12987,,,,,Fairy bee,Abundance,Q4046673,NCBITaxon:205151,,
212,Sphecodes coarctatus,Taxon,,10.1111/rec.12987,,,,,Blood bee,Abundance,Q15732832,NCBITaxon:88591,,
213,Sphecodes dichrous,Taxon,,10.1111/rec.12987,,,,,Scalloped cuckoo sweat bee,Abundance,Q655884,NCBITaxon:586943,,
214,Sphecodes lateralis,Taxon,,10.1111/rec.12987,,,,,Blood bee,Abundance,Q15732832,NCBITaxon:88591,,
215,Sphecodes persimilis,Taxon,,10.1111/rec.12987,,,,,Bllood bee,Abundance,Q2203101,NCBITaxon:178069,,
216,Sphecodes stygius,Taxon,,10.1111/rec.12987,,,,,Deadly cuckoo sweat bee,Abundance,Q2469869,NCBITaxon:586947,,
217,Sphecodes sp.,Taxon,,10.1111/rec.12987,,,,,Blood bee,Abundance,Q15732832,NCBITaxon:88591,,
218,Svastra aegis,Taxon,,10.1111/rec.12987,,,,,Sandhills longhorn bee,Abundance,Q2354942,,,
219,Xylocopa virginica,Taxon,,10.1111/rec.12987,,,,,Eastern carpenter bee,Abundance,Q2149448,NCBITaxon:28638,,
220,Plant Species Composition and Forage Production 14 Yr After Biosolids Application and Grazing Exclusion,Article,"51.42, -122.15",10.1016/j.rama.2019.07.003,,,,,,,,,,
221,Fertilizer application process,Process,,,Sown pastures and fields,Sown pastures and fields,Q1776685,ENVO:00002059,,,,,,
222,Species diversity,Environmental variable,,,,,,,,,,,,
223,Aboveground biomass,Environmental variable,,,,,,,,,,,,
224,Litter Percent Cover ,Environmental variable,,,,,,,,,,,,
225,Aboveground carbon concentration,Environmental variable,,,,,,,,,,,,
226,Thatch soil carbon concentration,Environmental variable,,,,,,,,,,,,
227,Thatch root carbon concentration,Environmental variable,,,,,,,,,,,,
228,"N, Mg and Protein Concentration",Environmental variable,,,,,,,,,,,,
229,Forage quality ,Environmental variable,,,,,,,,,,,,
230,Phosphorous concentration,Environmental variable,,,,,,,,,,,,
231,"Uptake of plant micronutrients (B, Cu, Fe Mn, Mo, Na, Zn)",Environmental variable,,,,,,,,,,,,
232,Hesperostipa comata,Taxon,,,,,,,Needle-and-thread grass,Percent Cover,Q15296074,NCBITaxon:487942,,
233,Koeleria macrantha,Taxon,,,,,,,Junegrass,Percent Cover,Q159962,NCBITaxon:366481,,
234,Poa secunda ssp. juncifolia,Taxon,,,,,,,Nevada bluegrass,Percent Cover,Q10807853,NCBITaxon:368386,,
235,Poa pratensis,Taxon,,,,,,,Kentucky bluegrass,Percent Cover,Q147783,NCBITaxon:4545,,
236,Poa secunda ssp. secunda,Taxon,,,,,,,Sandberg’s bluegrass,Percent Cover,Q10807854,NCBITaxon:368387,,
237,Pseudoroegneria spicata,Taxon,,,,,,,Bluebunch wheatgrass,Percent Cover,Q2827251,NCBITaxon:4604,,
238,Pseudoroegneria spicata,Taxon,,,,,,,Bluebunch wheatgrass,Vigor,Q2827251,NCBITaxon:4604,,
239,Allium cernuum,Taxon,,,,,,,Nodding onion,Percent Cover,Q10641333,NCBITaxon:70754,,
240,Astragalus agrestis,Taxon,,,,,,,Field milk-vetch,Percent Cover,Q2705984,NCBITaxon:20402,,
241,Antennaria spp.,Taxon,,,,,,,Pussytoes,Percent Cover,Q602788,NCBITaxon:41475,,
242,Artemisia frigida,Taxon,,,,,,,Prairie sagewort,Percent Cover,Q606606,NCBITaxon:395280,,
243,Taraxacum officinale,Taxon,,,,,,,Common dandelion,Percent Cover,Q131219,NCBITaxon:50225,,
255,Importance of species diversity in the revegetation of Alberta’s northern fescue prairies,Article,"52.3168, -111.4350; 52.2334, -110.9517; 51.50, -112.285",10.1007/s10531-017-1456-z,,,,,,,,,,
256,Diverse Seeding Process,Process,,,Urban and industrial ecosystems,Temperate subhumid grasslands,,ENVO:00000117,,,,,,
257,Simple Seeding Process,Process,,,Urban and industrial ecosystems,Temperate subhumid grasslands,,ENVO:00000118,,,,,,
258,Reclaimation Seeding Process,Process,,,Urban and industrial ecosystems,Temperate subhumid grasslands,,ENVO:00000119,,,,,,
261,Vegetation Cover,Environmental variable,,,,,,,,,,,,
262,Fescue Percent Cover,Environmental variable,,,,,,,,,,,,
263,Weed Percent Cover,Environmental variable,,,,,,,,,,,,
264,Bare Soil Percent Cover,Environmental variable,,,,,,,,,,,,
266,Festuca hallii,Taxon,,,,,,,Plains rough fescue,Abundance,Q15296964,NCBITaxon:1234500,,
267,Elymus trachycaulus subsp. Trachycaulus,Taxon,,,,,,,Slender wheatgrass,Abundance,Q5368494,NCBITaxon:1539878,,
268,Nassella viridula,Taxon,,,,,,,Green needlegrass,Abundance,Q6967601,NCBITaxon:37681,,
270,Hesperostipa curtiseta,Taxon,,,,,,,Western porcupine grass,Abundance,Q49427222,NCBITaxon:487945,,
271,Elymus lanceolatus subsp. Lanceolatus,Taxon,,,,,,,Thickspike wheatgrass,Abundance,Q5368485,NCBITaxon:86024,,
272,Pascopyrum smithii,Taxon,,,,,,,Western wheatgrass,Abundance,Q2517725,NCBITaxon:86023,,
273,Festuca saximontana,Taxon,,,,,,,Rocky mountain fescue,Abundance,Q15479017,NCBITaxon:464078,,
274,Heterotheca villosa,Taxon,,,,,,,Hairy goldenaster,Abundance,Q15562549,NCBITaxon:72941,,
275,Vicia americana,Taxon,,,,,,,Purple vetch,Abundance,Q311158,NCBITaxon:200966,,
276,Achillea millefolium,Taxon,,,,,,,Common yarrow,Abundance,Q25408,NCBITaxon:13329,,
277,Anemone multifida,Taxon,,,,,,,Cutleaf anemone,Abundance,Q4761662,NCBITaxon:13329,,
278,Erigeron glabellus,Taxon,,,,,,,Streamside fleabane,Abundance,Q15589582,NCBITaxon:91269,,
279,Gaillardia aristata,Taxon,,,,,,,Common blanketflower,Abundance,Q5517196,NCBITaxon:55624,,
280,Hedysarum spp.,Taxon,,,,,,,Sweetvetch,Abundance,Q148973,NCBITaxon:47034,,
281,Penstemon procerus,Taxon,,,,,,,Littleflower penstemon,Abundance,Q3062191,NCBITaxon:265151,,
282,Potentilla gracilis,Taxon,,,,,,,Slender cinquefoil,Abundance,Q2716465,NCBITaxon:457912,,
283,Solidago rigida,Taxon,,,,,,,Stiff goldenrod,Abundance,Q15568528,NCBITaxon:199521,,
284,Enriched Topographic Microsites for Improved Native Grass and Forb Establishment in Reclamation,Article,"50.5341, -111.5645, 53.3706, -112.5322, 53.2428, -113.4537",10.1016/j.rama.2017.08.004,,,,,,,,,,
285,Flat Blanket,Process,,,Temperate subhumid grasslands,Temperate subhumid grasslands,,ENVO:00000117,,,,,,
286,Flat Grass,Process,,,Temperate subhumid grasslands,Temperate subhumid grasslands,,ENVO:00000118,,,,,,
287,Flat Straw ,Process,,,Temperate subhumid grasslands,Temperate subhumid grasslands,,ENVO:00000119,,,,,,
288,Flat Manure ,Process,,,Temperate subhumid grasslands,Temperate subhumid grasslands,,ENVO:00000120,,,,,,
289,Flat Hydrogel,Process,,,Temperate subhumid grasslands,Temperate subhumid grasslands,,ENVO:00000121,,,,,,
290,Flat Hay,Process,,,Temperate subhumid grasslands,Temperate subhumid grasslands,,ENVO:00000122,,,,,,
291,Mound Blanket,Process,,,Temperate subhumid grasslands,Temperate subhumid grasslands,,ENVO:00000123,,,,,,
292,Mound Grass,Process,,,Temperate subhumid grasslands,Temperate subhumid grasslands,,ENVO:00000124,,,,,,
293,Mound Straw ,Process,,,Temperate subhumid grasslands,Temperate subhumid grasslands,,ENVO:00000125,,,,,,
294,Mound Manure,Process,,,Temperate subhumid grasslands,Temperate subhumid grasslands,,ENVO:00000126,,,,,,
295,Mound Hydrogel,Process,,,Temperate subhumid grasslands,Temperate subhumid grasslands,,ENVO:00000127,,,,,,
296,Mound Hay,Process,,,Temperate subhumid grasslands,Temperate subhumid grasslands,,ENVO:00000127,,,,,,
297,Pit Blanket,Process,,,Temperate subhumid grasslands,Temperate subhumid grasslands,,ENVO:00000128,,,,,,
298,Pit Grass,Process,,,Temperate subhumid grasslands,Temperate subhumid grasslands,,ENVO:00000129,,,,,,
299,Pit Straw,Process,,,Temperate subhumid grasslands,Temperate subhumid grasslands,,ENVO:00000130,,,,,,
300,Pit Manure,Process,,,Temperate subhumid grasslands,Temperate subhumid grasslands,,ENVO:00000131,,,,,,
301,Pit Hydrogel,Process,,,Temperate subhumid grasslands,Temperate subhumid grasslands,,ENVO:00000132,,,,,,
302,Pit Hay,Process,,,Temperate subhumid grasslands,Temperate subhumid grasslands,,ENVO:00000133,,,,,,
303,Near Surface Temperature,Environmental variable,,,,,,,,,,,,
304,Soil Water Content ,Environmental variable,,,,,,,,,,,,
305,Year 1 Grass Emergence,Environmental variable,,,,,,,,,,,,
306,Year 2 Grass Emergence ,Environmental variable,,,,,,,,,,,,
307,Year 1 Forb Emergence ,Environmental variable,,,,,,,,,,,,
308,Year 2 Forb Emergence ,Environmental variable,,,,,,,,,,,,
309,Year 1 Seedling Emergence ,Environmental variable,,,,,,,,,,,,
310,Year 2 Seedling Emergence,Environmental variable,,,,,,,,,,,,
311,Over Winter Survival ,Environmental variable,,,,,,,,,,,,
312,Grass Survival ,Environmental variable,,,,,,,,,,,,
314,Bromus ciliatus,Taxon,,,,,,,Fringed brome ,Emergents per m2,Q4973782,NCBITaxon:254123,,
317,Astragalus canadensis,Taxon,,,,,,,Canada milkvetch,Emergents per m2,Q978116,NCBITaxon:20408,,
318,Geum triflorum,Taxon,,,,,,,Old man's whiskers,Emergents per m2,Q2709956,NCBITaxon:148890,,
319,Linum lewisii,Taxon,,,,,,,Wild Blue Flax,Emergents per m2,Q3113824,NCBITaxon:586382,,
320,Rapid initial recovery and long-term persistence of a bee community in a former landfill,Article,"43.122, -79.237",10.1111/icad.12261,,,,,,,,,,
322,Species Abundance ,Environmental variable,,,,,,,,,,,,
325,Andrena carlini,Taxon,,,,,,,Carlinville miner bee,Abundance,Q2142269,NCBITaxon:205183,,
326,Andrena cressonii,Taxon,,,,,,,Cresson's mining bee,Abundance,Q1842173,NCBITaxon:205180,,
329,Andrena erythronii,Taxon,,,,,,,Trout lily miner bee,Abundance,Q2412515,NCBITaxon:2184723,,
330,Andrena miserabilis,Taxon,,,,,,,Miserable mining bee,Abundance,Q12782075,NCBITaxon:205181,,
332,Andrena nigrihirta,Taxon,,,,,,,Black-haired miner bee,Abundance,Q10733699,,,
333,Andrena wilkella,Taxon,,,,,,,Wilke's mining bee,Abundance,Q2631787,NCBITaxon:205204,,
334,Calliopsis andreniformis,Taxon,,,,,,,Eastern miner bee,Abundance,Q2457231,NCBITaxon:337506,,
335,Pseudopanurgus andrenoides,Taxon,,,,,,,Small black miner bee,Abundance,Q2007321,NCBITaxon:337497,,
336,Anthophora bomboides,Taxon,,,,,,,Bumble-bee-mimic digger bee,Abundance,Q2559988,NCBITaxon:586895,,
337,Anthophora terminalis ,Taxon,,,,,,,Red-tipped digger bee,Abundance,Q2288913,NCBITaxon:597899,,
338,Apis milleigera,Taxon,,,,,,,Honeybee,Abundance,Q30034,NCBITaxon:7460,,
340,Bombus borealis,Taxon,,,,,,,Northern amber bumble bee,Abundance,Q2656536,NCBITaxon:207622,,
342,Bombus fervidus ,Taxon,,,,,,,Golden northern bumble bee,Abundance,Q1929138,NCBITaxon:203811,,
343,Bombus griseocollis,Taxon,,,,,,,brown-belted bumblebee,Abundance,Q2163571,NCBITaxon:207634,,
345,Bombus rufocinctus ,Taxon,,,,,,,Red-belted bumblebee,Abundance,Q2088072,NCBITaxon:207647,,
346,Bombus terricola,Taxon,,,,,,,Yellow-banded bumble bee,Abundance,Q2093558,NCBITaxon:207648,,
347,Bombus vagans,Taxon,,,,,,,Half-black Bumble Bee,Abundance,Q2795860,NCBITaxon:239131,,
351,Melissodes apicata,Taxon,,,,,,,Pickerelweed longhorn bee,Abundance,Q10792609,NCBITaxon:599252,,
352,Melissodes desponsa,Taxon,,,,,,,Thistle long-horned bee,Abundance,Q2168291,,,
355,Nomada bethunei,Taxon,,,,,,,Bethune's cuckoo nomadbee,Abundance,Q1817642,NCBITaxon:601389,,
357,Nomada denticulata ,Taxon,,,,,,,Denticulate cuckoo nomad bee,Abundance,Q2671316,NCBITaxon:601473,,
358,Nomada illinoensis,Taxon,,,,,,,Illinois cuckoo nomad bee,Abundance,Q13682804,NCBITaxon:586923,,
359,Nomada imbricata,Taxon,,,,,,,Imbricate Cuckoo Nomad Bee,Abundance,Q2107899,NCBITaxon:156347,,
360,Nomada luteoloides,Taxon,,,,,,,Yellowish cuckoo nomad bee,Abundance,Q2622547,NCBITaxon:601661,,
361,Nomada maculata,Taxon,,,,,,,Maculated cuckoo nomad bee,Abundance,Q10801583,NCBITaxon:156348,,
362,Triepeolus donatus,Taxon,,,,,,,Thistle longhorn-cuckoo bee,Abundance,Q2616080,,,
363,Triepeolus lunatus,Taxon,,,,,,,Lunate longhorn-cuckoo bee,Abundance,Q10828018,,,
365,Hylaeus affinis,Taxon,,,,,,,Familiar yellow-faced bee,Abundance,Q2235767,NCBITaxon:313023,,
366,Hylaeus annulatus,Taxon,,,,,,,Ringed yellow-faced bee,Abundance,Q2854859,NCBITaxon:586976,,
367,Hylaeus hyalinatus,Taxon,,,,,,,Hyaline yellow-faced bee,Abundance,Q14365671,NCBITaxon:313025,,
368,Hylaeus mesillae,Taxon,,,,,,,Mesilla valley yellow-faced bee,Abundance,Q2088558,NCBITaxon:313019,,
369,Hylaeus sparsus,Taxon,,,,,,,Carrot yellow-faced bee ,Abundance,Q2244633,,,
376,Halictus rubicundus,Taxon,,,,,,,Orange-legged furrow bee,Abundance,Q611128,NCBITaxon:77578,,
377,Lasioglossum admirandum ,Taxon,,,,,,,Admirable sweat bee,Abundance,Q4697324,NCBITaxon:1038972,,
378,Lasioglossum atwoodi,Taxon,,,,,,,Atwood's sweat bee,Abundance,Q2743327,,,
381,Lasioglossum ellisiae,Taxon,,,,,,,Ellis's sweat bee,Abundance,Q21277071,NCBITaxon:593122,,
382,Lasioglossum ephialtum,Taxon,,,,,,,Nightmare sweat bee,Abundance,Q2767952,NCBITaxon:1040581,,
383,Lasioglossum fattigi,Taxon,,,,,,,Fattig's sweat bee,Abundance,Q2583368,NCBITaxon:1039472,,
385,Lasioglossum imitatum,Taxon,,,,,,,Bristle sweat bee,Abundance,Q2155593,NCBITaxon:88493,,
386,Lasioglossum laevissimum,Taxon,,,,,,,Very smooth sweat bee,Abundance,Q2314531,NCBITaxon:1039703,,
389,Lasioglossum paradmirandum,Taxon,,,,,,,Stunning sweat bee,Abundance,Q5492672,NCBITaxon:1040006,,
391,Lasioglossum platyparium ,Taxon,,,,,,,Flat sweat bee,Abundance,Q2265680,NCBITaxon:1040087,,
392,Lasioglossum sagax,Taxon,,,,,,,Sagacious sweat bee,Abundance,Q2868741,NCBITaxon:1040217,,
393,Lasioglossum versatum,Taxon,,,,,,,Experienced sweat bee,Abundance,Q1906692,NCBITaxon:1040515,,
395,Lasioglossum weemsi,Taxon,,,,,,,Weems's sweat bee,Abundance,Q3916316,NCBITaxon:1040536,,
396,Lasioglossum cinctipes,Taxon,,,,,,,Band-footed sweat bee,Abundance,Q2038144,NCBITaxon:88505,,
397,Lasioglossum foxii,Taxon,,,,,,,Fox's sweat bee,Abundance,Q2124577,NCBITaxon:586981,,
399,Leuchalictus leucozonium,Taxon,,,,,,,White-zoned furrow bee,Abundance,Q2601088,NCBITaxon:88532,,
400,Leuchalictus zonulum,Taxon,,,,,,,,Abundance,,,,
401,Sphecodes atlantis,Taxon,,,,,,,Atlantic cuckoo sweat bee,Abundance,Q1915104,,,
403,Sphecodes ranunculi,Taxon,,,,,,,Buttercup cuckoo sweat bee,Abundance,Q2049911,NCBITaxon:115087,,
405,Anthidium manicatum,Taxon,,,,,,,European wool carder bee,Abundance,Q1413325,NCBITaxon:473950,,
406,Anthidium oblongatum,Taxon,,,,,,,Oblong woolcarder bee,Abundance,Q15729877,NCBITaxon:156282,,
407,Chelostoma rapunculi,Taxon,,,,,,,Rampion scissor bee,Abundance,Q2589794,NCBITaxon:549059,,
408,Coelioxys octodentata,Taxon,,,,,,, Eight-toothed cuckoo leafcutter bee,Abundance,Q1957784,NCBITaxon:1879055,,
409,Coelioxys rufitarsis ,Taxon,,,,,,,Red-footed cuckoo leaf-cutter bee,Abundance,Q1926097,NCBITaxon:586899,,
410,Heriades leavitti,Taxon,,,,,,,Leavitt's armored-resin bee,Abundance,Q514411,NCBITaxon:1977931,,
411,Heriades variolosa,Taxon,,,,,,,Small resin bee,Abundance,Q49538191,NCBITaxon:1667513,,
413,Hoplitis producta,Taxon,,,,,,,Produced small-mason,Abundance,Q2145717,NCBITaxon:586903,,
414,Hoplitis spoliata ,Taxon,,,,,,,Wide-horned summer mason bee,Abundance,Q2185855,NCBITaxon:586904,,
415,Megachile brevis,Taxon,,,,,,,Short leafcutter bee,Abundance,Q2588892,NCBITaxon:1452476,,
417,Megachile centuncularis,Taxon,,,,,,,Patchwork leafcutter bee,Abundance,Q725259,NCBITaxon:586906,,
418,Megachile ericetorum,Taxon,,,,,,,Banded mud bee ,Abundance,Q919538,NCBITaxon:888504,,
419,Megachile frigida,Taxon,,,,,,,Frigid leafcutter bee,Abundance,Q2557148,NCBITaxon:586907,,
422,Megachile pugnata,Taxon,,,,,,,Pugnacious leafcutter bee,Abundance,Q1920035,NCBITaxon:156341,,
423,Megachile relativa,Taxon,,,,,,,Relative leafcutter bee ,Abundance,Q2180698,NCBITaxon:1667526,,
424,Megachile rotundata,Taxon,,,,,,,Alfalfa leafcutter bee,Abundance,Q431061,NCBITaxon:143995,,
425,Megachile texana,Taxon,,,,,,,Texas leafcutter bee,Abundance,Q2100391,NCBITaxon:1004199,,
427,Osmia conjuncta,Taxon,,,,,,,Eastern snail shell mason bee,Abundance,Q4581730,NCBITaxon:1404006,,
428,Osmia lignaria,Taxon,,,,,,,Blue orchard bee,Abundance,Q2243042,NCBITaxon:473952,,
430,Osmia simillima,Taxon,,,,,,,Similar mason bee,Abundance,Q2650514,NCBITaxon:586937,,
431,Stelis lateralis,Taxon,,,,,,,Laterally-marked cuckoo carder bee,Abundance,Q10821434,NCBITaxon:1352244,,
432,"Glyphosate, steam and cutting for non-native plant control in Alberta fescue grassland restoration",Article,"49.0459, -113.550",10.1111/avsc.12316,,,,,,,,,,
433,Cutting removal process,Process,,,Temperate alpine grasslands and shrublands,Temperate alpine grasslands and shrublands,,,,,,,,
434,Mechanical fauna control process ,Process,,,Temperate alpine grasslands and shrublands,Temperate alpine grasslands and shrublands,,,,,,,,
435,Herbicide application process,Process,,,Temperate alpine grasslands and shrublands,Temperate alpine grasslands and shrublands,,,,,,,,
436,Native Forb % canopy cover,Environmental variable,,,,,,,,,,,,
437,Native Grass % cover ,Environmental variable,,,,,,,,,,,,
438,Non-native Forb % canopy cover,Environmental variable,,,,,,,,,,,,
439,Non-native Grass % cover,Environmental variable,,,,,,,,,,,,
440,Physiological Score ,Environmental variable,,,,,,,,,,,,
441,Non-Native Species Richness ,Environmental variable,,,,,,,,,,,,
442,Non-Native Species Diversity,Environmental variable,,,,,,,,,,,,
443,Agropyron cristatum ,Taxon,,,,,,,Crested wheatgrass,Canopy Cover,Q578005,NCBITaxon:4593,,
444,Bromus inermis,Taxon,,,,,,,Smooth brome,Canopy Cover,Q159066,NCBITaxon:15371,,
445,Elymus repens,Taxon,,,,,,,Quackgrass,Canopy Cover,Q276262,NCBITaxon:52152,,
446,Poa compressa,Taxon,,,,,,,Canada bluegrass,Canopy Cover,Q159258,NCBITaxon:269373,,
448,Lepidium densiflorum ,Taxon,,,,,,,Peppergrass,Canopy Cover,Q149643,NCBITaxon:200329,,
449,Medicago lupulina,Taxon,,,,,,,Black medic ,Canopy Cover,Q157923,NCBITaxon:47085,,
450,Selective plant foraging and the top-downsuppression of native diversity in a restored prairie,Article,"43.3840, -80.3720",10.1111/1365-2664.12886,,,,,,,,,,
454,Rodent Density ,Environmental variable,,,,,,,,,,,,
455,Native Species Seed Consumption,Environmental variable,,,,,,,,,,,,
456,Oldfield Species Seed Consumption,Environmental variable,,,,,,,,,,,,
457,Rudbeckia hirta,Taxon,,,,,,,Black-eyed susan,Seed Abundance,Q2532820,NCBITaxon:52299,,
458,Elymus canadensis,Taxon,,,,,,,Canada wild rye,Seed Abundance,Q5368479,NCBITaxon:29675,,
459,Bromus kalmii ,Taxon,,,,,,,Kalm's brome,Seed Abundance,Q4973784,NCBITaxon:254131,,
460,Andropogon gerardi,Taxon,,,,,,,Big bluestem,Seed Abundance,Q663311,NCBITaxon:79824,,
461,Lespedeza capitata ,Taxon,,,,,,,Round-headed bushclover ,Seed Abundance,Q1950833,NCBITaxon:571920,,
462,Helianthus divaricatus,Taxon,,,,,,,Woodland sunflower,Seed Abundance,Q3129696,NCBITaxon:73285,,
463,Acer saccharum,Taxon,,,,,,,Sugar Maple,Seed Abundance,Q214733,NCBITaxon:4024,,
464,Oenothera biennis,Taxon,,,,,,,Common evening primrose,Seed Abundance,Q157353,NCBITaxon:3942,,
465,Liatris spicata,Taxon,,,,,,,Dense blazing star,Seed Abundance,Q1797975,NCBITaxon:886939,,
466,Poa palustris,Taxon,,,,,,,Fowl Bluegrass,Seed Abundance,Q161286,NCBITaxon:269377,,
467,Penstemon digitalis,Taxon,,,,,,,Foxglove beardtongue,Seed Abundance,Q2174621,NCBITaxon:265135,,
468,Sorghastrum nutans,Taxon,,,,,,,Indian grass,Seed Abundance,Q3046578,NCBITaxon:79857,,
469,Elymus virginiana,Taxon,,,,,,,Virginia wild rye,Seed Abundance,,,,
470,Schizachyrium scoparium,Taxon,,,,,,,Little bluestem,Seed Abundance,Q3013856,NCBITaxon:79855,,
471,Aster novae-angliae,Taxon,,,,,,,New England aster,Seed Abundance,Q21871639,,,
472,Desmodium canadense,Taxon,,,,,,,Showy tick-trefoil,Seed Abundance,Q5264638,NCBITaxon:932098,,
473,Panicum virgatum,Taxon,,,,,,,Switchgrass,Seed Abundance,Q1466543,NCBITaxon:38727,,
474,Monarda fistulosa,Taxon,,,,,,,Wild bergamot,Seed Abundance,Q1521039,NCBITaxon:39344,,
476,Solidago Canadensis ,Taxon,Oldfield,,,,,,Canada goldenrod,Seed Abundance,Q254436,NCBITaxon:59297,,
477,Conyza canadensis ,Taxon,Oldfield,,,,,,Horseweed,Seed Abundance,Q794305,,,
478,Long-term effects of prairie restoration on plant community structure and native population dynamics,Article,,10.1111/rec.12468,Temperate subhumid grasslands,Temperate subhumid grasslands,,,,,,,,
479,Mechanical fauna control process ,Process,,,Temperate subhumid grasslands,Temperate subhumid grasslands,,,,,,,,
480,Mowing ,Process,,,Temperate subhumid grasslands,Temperate subhumid grasslands,,,,,,,,
481,Herbicide application process,Process,,,Temperate subhumid grasslands,Temperate subhumid grasslands,,,,,,,,
482,Glyphosate application process,Process,,,Temperate subhumid grasslands,Temperate subhumid grasslands,,,,,,,,
483,Native Species Richness ,Environmental variable,,,Temperate subhumid grasslands,Temperate subhumid grasslands,,,,,,,,
484,Native Species Establishment,Environmental variable,,,Temperate subhumid grasslands,Temperate subhumid grasslands,,,,,,,,
485,Native Species Persistence ,Environmental variable,,,Temperate subhumid grasslands,Temperate subhumid grasslands,,,,,,,,
486,Native Species Spread ,Environmental variable,,,Temperate subhumid grasslands,Temperate subhumid grasslands,,,,,,,,
487,Exotic Grass Abundance ,Environmental variable,,,Temperate subhumid grasslands,Temperate subhumid grasslands,,,,,,,,
489,Balsamorhiza deltoidea,Taxon,,,Temperate subhumid grasslands,Temperate subhumid grasslands,,,Deltoid balsamroot,Percent Cover,Q2881534,NCBITaxon:230198,,
490,Danthonia californica,Taxon,,,Temperate subhumid grasslands,Temperate subhumid grasslands,,,California oatgrass,Percent Cover,Q5221219,NCBITaxon:65975,,
491,Eriophyllum lanatum,Taxon,,,Temperate subhumid grasslands,Temperate subhumid grasslands,,,Common woolly sunflower,Percent Cover,Q2592617,NCBITaxon:149425,,
492,Festuca roemeri,Taxon,,,Temperate subhumid grasslands,Temperate subhumid grasslands,,,Roemer's fescue,Percent Cover,Q17364157,NCBITaxon:368770,,
493,Lomatium spp.,Taxon,,,Temperate subhumid grasslands,Temperate subhumid grasslands,,,Biscuitroot,Percent Cover,Q9023584,NCBITaxon:38650,,
494,Plectritis congesta,Taxon,,,Temperate subhumid grasslands,Temperate subhumid grasslands,,,Shortspur seablus,Percent Cover,Q7204397,NCBITaxon:245828,,
495,Ranunculus occidentalis,Taxon,,,Temperate subhumid grasslands,Temperate subhumid grasslands,,,Western buttercup,Percent Cover,Q7293615,NCBITaxon:286952,,
496,Using Cattle Grazing to Restore a Rough Fescue Prairie Invaded by Kentucky Bluegrass,Article,"52.754344, − 106.106167",10.1016/j.rama.2016.10.008,Temperate subhumid grasslands,Temperate subhumid grasslands,,,,,,,,
497,Intensional grazing ,Process,,,Temperate subhumid grasslands,Temperate subhumid grasslands,,,,,,,,
498,Community Resisitence to invasive species,Environmental variable,,,Temperate subhumid grasslands,Temperate subhumid grasslands,,,,,,,,
502,Tallgrass prairie restoration: Implications of increased atmospheric nitrogen deposition when site preparation minimizes adventive grasses,Article,"42.6870,-80.4665",10.1111/rec.12156,,,,,,,,,,
506,Mean total percent cover,Environmental variable,,,,,,,,,,,,
507,Root Biomass ,Environmental variable,,,,,,,,,,,,
508,Plant Productivity ,Environmental variable,,,,,,,,,,,,
514,Artemisia campestris,Taxon,,,,,,,Field wormwood,Percent Cover ,Q783863,NCBITaxon:72337,,
515,Asclepias syriaca,Taxon,,,,,,,Common milkweed,Percent Cover ,Q158295,NCBITaxon:48545,,
516,Asclepias tuberosa,Taxon,,,,,,,Butterfly milkweed,Percent Cover ,Q311131,NCBITaxon:141466,,
517,Euthamia graminifolia,Taxon,,,,,,,Grass-leaved goldenrod,Percent Cover ,Q5414443,NCBITaxon:72935,,
518,Gnaphalium obtusifolium,Taxon,,,,,,,Rabbit Tobacco,Percent Cover ,Q21267523,NCBITaxon:1209488,,
519,Liatris cylindracea,Taxon,,,,,,,Cylindrical blazing-star ,Percent Cover ,Q6540308,NCBITaxon:301150,,
522,Pycnanthemum virginianum,Taxon,,,,,,,Virginia mountain mint ,Percent Cover ,Q7262902,NCBITaxon:392642,,
524,Solidago juncea,Taxon,,,,,,,Early goldenrod,Percent Cover ,Q7557957,NCBITaxon:330184,,
525,Solidago nemoralis,Taxon,,,,,,,Gray goldenrod,Percent Cover ,Q7557960,NCBITaxon:471149,,
526,Symphyotrichum ericoides,Taxon,,,,,,,White heath aster,Percent Cover ,Q7160573,NCBITaxon:481941,,
527,Symphyotrichum laeve,Taxon,,,,,,,Smooth blue aster,Percent Cover ,Q544417,NCBITaxon:691054,,
528,Symphyotrichum oolentangiense,Taxon,,,,,,,Sky-blue aster,Percent Cover ,Q15555426,NCBITaxon:2065954,,
529,Symphyotrichum pilosum,Taxon,,,,,,,Hairy white oldfield aster,Percent Cover ,Q743808,NCBITaxon:526934,,
530,Symphyotrichum urophyllum,Taxon,,,,,,,Arrowhead aster,Percent Cover ,Q15555396,NCBITaxon:526936,,
531,Ambrosia artemisiifolia,Taxon,,,,,,,Common ragweed,Percent Cover ,Q682164,NCBITaxon:4212,,
532,Arabidopsis lyrata,Taxon,,,,,,,Lyre-leaved rockcress,Percent Cover ,Q3206119,NCBITaxon:59689,,
534,Erigeron annuus,Taxon,,,,,,,Annual fleabane,Percent Cover ,Q849411,NCBITaxon:91248,,
535,Gnaphalium viscosum,Taxon,,,,,,,Winged cudweed,Percent Cover ,Q38773547,,,
536,Oxalis dillenii,Taxon,,,,,,,Slender yellow wood-sorrel,Percent Cover ,Q7218395,NCBITaxon:4035,,
537,Symphyotrichum lanceolatum,Taxon,,,,,,,Panicled aste,Percent Cover ,Q2868396,NCBITaxon:526931,,
539,Desmodium paniculatum,Taxon,,,,,,,Panicled tick-trefoil,Percent Cover ,Q5264642,NCBITaxon:343495,,
541,Lupinus perennis,Taxon,,,,,,,Sundial lupine ,Percent Cover ,Q2365593,NCBITaxon:53236,,
542,Equisetum arvense,Taxon,,,,,,,Horsetail,Percent Cover ,Q107592,NCBITaxon:3258,,
543,Anthemis cotula,Taxon,,,,,,,Stinking chamomile,Percent Cover ,Q571357,NCBITaxon:158220,,
544,Cerastium fontanum,Taxon,,,,,,,Mouse-ear chickweed,Percent Cover ,Q9311819,NCBITaxon:230722,,
545,Crepis capillaris,Taxon,,,,,,,Smooth hawksbeard,Percent Cover ,Q1697820,NCBITaxon:13465,,
546,Holosteum umbellatum,Taxon,,,,,,,Jagged chickweed,Percent Cover ,Q159201,NCBITaxon:325497,,
548,Veronica arvensis,Taxon,,,,,,,Corn speedwell,Percent Cover ,Q157903,NCBITaxon:46032,,
550,Do peat amendments to oil sands wet sediments affect Carex aquatilis biomass for reclamation success?,Article,"56.98, -111.506",10.1016/j.jenvman.2014.03.003,,,,,,,,,,
551,Freshwater CT,Process,,,Urban and industrial ecosystems,Permanent marshes,,,,,,,,
552,Freshwater CTPM,Process,,,Urban and industrial ecosystems,Permanent marshes,,,,,,,,
553,Freshwater TS,Process,,,Urban and industrial ecosystems,Permanent marshes,,,,,,,,
554,Freshwater TSPM,Process,,,Urban and industrial ecosystems,Permanent marshes,,,,,,,,
555,Freshwater PM,Process,,,Urban and industrial ecosystems,Permanent marshes,,,,,,,,
556,OSPW CT,Process,,,Urban and industrial ecosystems,Permanent marshes,,,,,,,,
557,OSPW CTPM,Process,,,Urban and industrial ecosystems,Permanent marshes,,,,,,,,
558,OSPW TS,Process,,,Urban and industrial ecosystems,Permanent marshes,,,,,,,,
559,OSPW TSPM,Process,,,Urban and industrial ecosystems,Permanent marshes,,,,,,,,
560,OSPW PM,Process,,,Urban and industrial ecosystems,Permanent marshes,,,,,,,,
562,Below ground biomass,Environmental variable,,,,,,,,,,,,
563,Chlorophyll a fluorenscence,Environmental variable,,,,,,,,,,,,
564,Soil Moisture Content ,Environmental variable,,,,,,,,,,,,
565,Plant Carbon Content ,Environmental variable,,,,,,,,,,,,
566,Plant Nitrogen Content,Environmental variable,,,,,,,,,,,,
567,Plant Phosporus Content ,Environmental variable,,,,,,,,,,,,
568,Carex aquatilis,Taxon,,,,,,,Water sedge,Biomass,Q159025,NCBITaxon:140788,,
570,Establishment of a native bunch grass and an invasive perennial on disturbed land using straw-amended soil,Article,"53.4167, -113.4833",10.1016/j.jenvman.2012.11.001,,,,,,,,,,
573,Soil Carbon content ,Environmental variable,,,,,,,,,,,,
574,Soil nitrogen content ,Environmental variable,,,,,,,,,,,,
575,Soil available ammonia ,Environmental variable,,,,,,,,,,,,
576,Soil available nitrate (NO3),Environmental variable,,,,,,,,,,,,
577,Soil available phosphate (PO4),Environmental variable,,,,,,,,,,,,
578,Soil available potassium (K),Environmental variable,,,,,,,,,,,,
579,Soil pH,Environmental variable,,,,,,,,,,,,
580,Soil Electricity conductivity,Environmental variable,,,,,,,,,,,,
